{
    "legacy_addon_id": "",
    "title": "[021] XenForo WebSockets",
    "description": "Adds websocket technology to the forum.",
    "version_id": 1010370,
    "version_string": "1.1.3",
    "dev": "021",
    "dev_url": "https://devsell.io",
    "faq_url": "",
    "support_url": "",
    "extra_urls": [],
    "require": {
        "XF": [
            2020070,
            "XenForo 2.2.0+"
        ],
        "php": [
            "7.4.0",
            "PHP 7.4.0+"
        ]
    },
    "icon": "icon.png",
    "composer_autoload": "vendor/composer"
}