{
    "js/bs/websockets/core.js": "d1fb502a8e0be709bcff0d91f4768961722b46a707eb39c02b7a98b9f38a54c5",
    "js/bs/websockets/core.min.js": "7449dcf19b61a6cddedf3f2266ecc2d6ea9a34633cfb91fb942ac4695431fadb",
    "js/bs/websockets/vendor/echo.min.js": "28bea8998c9045b1e367ba03bddff44eb14d8e69041fea68fbb752278b45c6c5",
    "js/bs/websockets/vendor/pusher.min.js": "1d4056933c2a829f282f1a9b840cdef6f846908357374db4cf3669ec522ed4e7",
    "src/addons/BS/XFWebSockets/addon.json": "9ebb80322fc220ef0edea1912c4750f380e1faf134eeaa85d29f3c492a507f61",
    "src/addons/BS/XFWebSockets/Broadcast.php": "b38e52cfe3e56baa9025ab9a449e31bb2617d51765b81dbb341a9371b7a03ce4",
    "src/addons/BS/XFWebSockets/Broadcasting/Channel.php": "b34ad86713f1f2d37273c46b64072e8c74e3129640f43e9dc73ed4f2ecabd947",
    "src/addons/BS/XFWebSockets/Broadcasting/Event.php": "5984b6037b08a248eb28b57ec9c9207e6b57dd20c4f288e1af13f892610ff460",
    "src/addons/BS/XFWebSockets/Broadcasting/Events/ShowFloatingNotice.php": "a4fbe58a2829c27b6bf4950694c55b59f11d4cffd087f95546aabbeb3ac5e04a",
    "src/addons/BS/XFWebSockets/Broadcasting/ForumChannel.php": "9ac0f3bd20ef3dcfa6f12c3262ed0cebbde3b8a25a60fab4d416ef58249a033d",
    "src/addons/BS/XFWebSockets/Broadcasting/PresenceChannel.php": "ed5e8ebf6c6703cfdce0d5d1396b36d669fd6776efcc6b6faf8c88c9ab57661b",
    "src/addons/BS/XFWebSockets/Broadcasting/PrivateChannel.php": "b826b8f297de5e7805ff621dcf6e6cf0b1fd8898e1fcca92af22f25d1f590365",
    "src/addons/BS/XFWebSockets/Broadcasting/UserChannel.php": "a537f28732141803a00be3ad7491eb4faab2f953eeea3dc0ddbf4b011f7a021c",
    "src/addons/BS/XFWebSockets/Cli/Command/CreateSoketiConfig.php": "9ec061e1f2e1cc0199b8d6d192c953f23b1de5f6e734289fa64940cec197092d",
    "src/addons/BS/XFWebSockets/Cli/Command/stubs/soketi.config.stub": "e8bbf9968a30d27d30fa7bbe75bb95602b0b7e3d0c5d52881f2945df01d04714",
    "src/addons/BS/XFWebSockets/composer.json": "435b4f7133273931f8c5378b38ec86345f7a87901893ff90fc45673ad837af46",
    "src/addons/BS/XFWebSockets/composer.lock": "a8c1ab67d34eeac6b468b232f614512b4c79605cfd316d14460d65dd38190568",
    "src/addons/BS/XFWebSockets/Exception/BroadcastException.php": "28091e759e7ac214dc9de661a70008b9700a334a865286d148aabbe2e903a34c",
    "src/addons/BS/XFWebSockets/icon.png": "9031bb602abe2bd196bbaeb8fd3447894bd2960cae118811cdcae64cbd3035d0",
    "src/addons/BS/XFWebSockets/Listener.php": "3934bbcaa726fd4478fb702b0a1a45d0fa46a62980773012bbdae04ebc6ac826",
    "src/addons/BS/XFWebSockets/Option/Copyright.php": "4c3c93f41b25702e8284bc08c2a743e3f335329ba5c775e3dcfe25b7a3f5ff14",
    "src/addons/BS/XFWebSockets/Pub/Controller/Broadcasting.php": "b41334e40c7759909486795779a759fcfc7d012e07f99c0cfe6cae64adf8a51a",
    "src/addons/BS/XFWebSockets/Pub/Controller/Concerns/BroadcasterReflection.php": "b2b02fdebce92d546e00e9c2fb8f1396218e8ccddaa3b6ea44c9128278a4b7f3",
    "src/addons/BS/XFWebSockets/Request.php": "2f6e932f608baee8a22d93bd79f9bb969249e87024ecc03112a00491674d66a7",
    "src/addons/BS/XFWebSockets/Service/LicenseChecker.php": "5a733580c92c48b1bab827d0683087e3c99285f93082d8fe8ab391cb3327f037",
    "src/addons/BS/XFWebSockets/vendor/autoload.php": "0c40b842f62d337316f002dbc5877d05fce2707868969c3cd0ea39ee28a78f90",
    "src/addons/BS/XFWebSockets/vendor/composer/autoload_classmap.php": "375085d0d6690301081436cd75755cb2c882f8a7f6fc385c8814a11734fc413a",
    "src/addons/BS/XFWebSockets/vendor/composer/autoload_files.php": "84437681a1c996bdd24618a3cc212bbdd3f6beda6d2fa38be9433826e1660b25",
    "src/addons/BS/XFWebSockets/vendor/composer/autoload_namespaces.php": "ede505407590638a435137f4e060136f1008de79fc169b3de9793423b0cea38c",
    "src/addons/BS/XFWebSockets/vendor/composer/autoload_psr4.php": "d28ee4228430b057aae49480d96f48203708fc2fb40d368373e7c3f11c71e74a",
    "src/addons/BS/XFWebSockets/vendor/composer/autoload_real.php": "92fa80bab8379e8aaf9d114ef2ef8f1f256f2922d4cbcb2983d81a3a2ab67d8a",
    "src/addons/BS/XFWebSockets/vendor/composer/autoload_static.php": "c08cbf4c6391ba571ce8f8c5167f00701592e6809f54e1fb70e79a4e5c5d336c",
    "src/addons/BS/XFWebSockets/vendor/composer/ClassLoader.php": "42b8c5525dbc133045f47f4275f017071c82144a34acb9396d955ca10729cb2e",
    "src/addons/BS/XFWebSockets/vendor/composer/installed.json": "ea337a9989f521c604b0213fb541db338be44ae916dedb616716aca49ffb8775",
    "src/addons/BS/XFWebSockets/vendor/composer/installed.php": "71b4375066e2dc134b206e96e1f87aa9dfebece725515044f2afe6bae55fafd8",
    "src/addons/BS/XFWebSockets/vendor/composer/InstalledVersions.php": "21f4ba19e7859cb3f85b8b1680c970ee25d972546c1606dcae0e7e5f43f626f0",
    "src/addons/BS/XFWebSockets/vendor/composer/LICENSE": "c8cce4b6b9729f264ffdf9296d505d63432497feeed1f586d1902b942197e024",
    "src/addons/BS/XFWebSockets/vendor/composer/platform_check.php": "bab4df5d83dfdacde4974e195054cf7e576cc1814fff215381fec4da66ee97c9",
    "src/addons/BS/XFWebSockets/vendor/guzzlehttp/guzzle/CHANGELOG.md": "6be8f886100ba272b31103324c9fc5a4fa218c9a9be6bb217b944e61edef2765",
    "src/addons/BS/XFWebSockets/vendor/guzzlehttp/guzzle/composer.json": "e1a034e97309e1ced99c4f5b668600ec32883694b009c2e7e61e54ad0bf0ac59",
    "src/addons/BS/XFWebSockets/vendor/guzzlehttp/guzzle/LICENSE": "1090e16630dfd10d5f79be2fb68c4f2f0b168cc34fae57eca7150f735078332d",
    "src/addons/BS/XFWebSockets/vendor/guzzlehttp/guzzle/README.md": "7f8356056a5fdc56b20f961480ac36079a89df676a878d3333d732e6448eaaaf",
    "src/addons/BS/XFWebSockets/vendor/guzzlehttp/guzzle/src/BodySummarizer.php": "37cca03f562f01379a0aca55a5d057ff1e5f4627c5e0a9b047f1aee340dbdce7",
    "src/addons/BS/XFWebSockets/vendor/guzzlehttp/guzzle/src/BodySummarizerInterface.php": "8c12d0a10e28d8a53edda57d0eae65ca28e0bddd8627b7dae0999edeb12966ca",
    "src/addons/BS/XFWebSockets/vendor/guzzlehttp/guzzle/src/Client.php": "4d2d611d1b13d7dbe9d2bef4dff2cf5235affa4fe21f362bb6ce9a48925867cf",
    "src/addons/BS/XFWebSockets/vendor/guzzlehttp/guzzle/src/ClientInterface.php": "94f2371df4dcb959a71492fa36c7fe2d48605bfed3762060e48b0d2942704c99",
    "src/addons/BS/XFWebSockets/vendor/guzzlehttp/guzzle/src/ClientTrait.php": "b4d3a5d74b928d3b133cab16a5ee0fb94f399748c5d1d866758e47e7516c8eec",
    "src/addons/BS/XFWebSockets/vendor/guzzlehttp/guzzle/src/Cookie/CookieJar.php": "d33ef432fd1747482f97c4bb21713b97c8425ba96c93b188943a4e26e489cf3e",
    "src/addons/BS/XFWebSockets/vendor/guzzlehttp/guzzle/src/Cookie/CookieJarInterface.php": "4244e0c75b03d55bcc03331e34b6e1a11ac7544a8f92418bcca560ab6b350d75",
    "src/addons/BS/XFWebSockets/vendor/guzzlehttp/guzzle/src/Cookie/FileCookieJar.php": "d5af41fa17385bf3f57049d3063e8d4028a9fcebb18df62487fc19bcab50fe30",
    "src/addons/BS/XFWebSockets/vendor/guzzlehttp/guzzle/src/Cookie/SessionCookieJar.php": "ff8ad4a450feac9fa79db5de008f5192f57e7c1dd5d6945c5993433782edd7f9",
    "src/addons/BS/XFWebSockets/vendor/guzzlehttp/guzzle/src/Cookie/SetCookie.php": "0bb13c00bdb69f616427f5df3228cb2b4e02cc6de1bb621dae49cc810bed7dda",
    "src/addons/BS/XFWebSockets/vendor/guzzlehttp/guzzle/src/Exception/BadResponseException.php": "3a37a4969bef418f13921e5088242963e96f785430abdad4fe172f84897a3fe5",
    "src/addons/BS/XFWebSockets/vendor/guzzlehttp/guzzle/src/Exception/ClientException.php": "fac9e27b986d65020881e7fd588d38a0722f6c44ee4e59b194852421fccf7181",
    "src/addons/BS/XFWebSockets/vendor/guzzlehttp/guzzle/src/Exception/ConnectException.php": "91453b654fb736eb5b66e72292545ef09dab22dc4e0ea08ab5cc12c41be8b221",
    "src/addons/BS/XFWebSockets/vendor/guzzlehttp/guzzle/src/Exception/GuzzleException.php": "96256c6e7e80da624b76a0d4a36b9012516a6901eda34a122e4be0781c7caacf",
    "src/addons/BS/XFWebSockets/vendor/guzzlehttp/guzzle/src/Exception/InvalidArgumentException.php": "0b1e7f68dad880cb3ca174c77c4d99ce9a79ae03ef4eb1323650a45df7d6701f",
    "src/addons/BS/XFWebSockets/vendor/guzzlehttp/guzzle/src/Exception/RequestException.php": "0e3a4c3449298da94ef771a51efd231937d29fb1a2fc2a1436c983eb39949f87",
    "src/addons/BS/XFWebSockets/vendor/guzzlehttp/guzzle/src/Exception/ServerException.php": "3081ac56d7c6c2a9e9cefe12b849b2a23f50174a74d203aeaed0a0ca3293d6fd",
    "src/addons/BS/XFWebSockets/vendor/guzzlehttp/guzzle/src/Exception/TooManyRedirectsException.php": "9febbce2d104c65da0d3dc697ccb881049ba3b3b1e0bb1274d6e7a89b6dd5b9c",
    "src/addons/BS/XFWebSockets/vendor/guzzlehttp/guzzle/src/Exception/TransferException.php": "67fbfd5194b7486da3b46ae4e79d7114e13101c9b7c0341ecbdbf91c641e0b3d",
    "src/addons/BS/XFWebSockets/vendor/guzzlehttp/guzzle/src/functions.php": "01b145c2451763186f122667cff4f8f82a3b9b5f635eebf089e3e18704c402f0",
    "src/addons/BS/XFWebSockets/vendor/guzzlehttp/guzzle/src/functions_include.php": "6a607dd75992cc2682ad7cf86c056623074361f7390f671e4506c262a7a22699",
    "src/addons/BS/XFWebSockets/vendor/guzzlehttp/guzzle/src/Handler/CurlFactory.php": "46c93b85f6832c7bbf63725d25eea988427953f21c206ec0b88f0328b6faaeb9",
    "src/addons/BS/XFWebSockets/vendor/guzzlehttp/guzzle/src/Handler/CurlFactoryInterface.php": "45c39beffa0038ce2c728b955d70f2fd3f21e345a12b322f120ba3e6cfc781ea",
    "src/addons/BS/XFWebSockets/vendor/guzzlehttp/guzzle/src/Handler/CurlHandler.php": "e6d53c3c0ea7618ac594a9bf09ca85f429ffce827fa0ca1a4aae3bd4f739e2f4",
    "src/addons/BS/XFWebSockets/vendor/guzzlehttp/guzzle/src/Handler/CurlMultiHandler.php": "949aae37fb22c514553933841cc8f7e8b3f6b684ef414075a042d370de5a6152",
    "src/addons/BS/XFWebSockets/vendor/guzzlehttp/guzzle/src/Handler/EasyHandle.php": "8523348efc69c24690ea09f6a6df04241e8addb126d996d0851232e8b764003c",
    "src/addons/BS/XFWebSockets/vendor/guzzlehttp/guzzle/src/Handler/HeaderProcessor.php": "a114ed35224c8af6461733c0e7d44bb6198eb5e191d7f478783c6c845c82c0bf",
    "src/addons/BS/XFWebSockets/vendor/guzzlehttp/guzzle/src/Handler/MockHandler.php": "b1443e48683744c97882f449ad604d02605a3b9410cbc3c19ecb27b086f2bcf4",
    "src/addons/BS/XFWebSockets/vendor/guzzlehttp/guzzle/src/Handler/Proxy.php": "c392a1d8bfd031519e9030c0066cbd19b484ff3983e768a823c0ca0bfb417f6d",
    "src/addons/BS/XFWebSockets/vendor/guzzlehttp/guzzle/src/Handler/StreamHandler.php": "b8b311c8100db911a75c91d9dfbbdb2e02b5276758ee1dd1971b4067137a0e39",
    "src/addons/BS/XFWebSockets/vendor/guzzlehttp/guzzle/src/HandlerStack.php": "c8c8537eaf163a24d24018f7a6fe707b2d41ae7dca48dcc57094a30830b29ed1",
    "src/addons/BS/XFWebSockets/vendor/guzzlehttp/guzzle/src/MessageFormatter.php": "a7f03c5961edab5c9cf138bbd47e2a827a4299b1a403e3373e9e69106c6a6050",
    "src/addons/BS/XFWebSockets/vendor/guzzlehttp/guzzle/src/MessageFormatterInterface.php": "07e018567ea4cd1c149a7b9f5ae3f4dda2ea16e5f1623e2e80c4a36e9efd4f79",
    "src/addons/BS/XFWebSockets/vendor/guzzlehttp/guzzle/src/Middleware.php": "658dee8e761d89de46ea79d647fb4fed2db0630d4e106a5128aa21970d40a2c3",
    "src/addons/BS/XFWebSockets/vendor/guzzlehttp/guzzle/src/Pool.php": "e0079af401f70c0f0127a8c948067103c07fc0993b8faf0597a92194f28a8b4e",
    "src/addons/BS/XFWebSockets/vendor/guzzlehttp/guzzle/src/PrepareBodyMiddleware.php": "d21743334b2d24c5b33261cabccf2279bd1b793797ea14ab3fa0bdb48eb74286",
    "src/addons/BS/XFWebSockets/vendor/guzzlehttp/guzzle/src/RedirectMiddleware.php": "7477e88573346851ae36ce1d1f518eeb19630d91a9351b60ca5354a885e0b878",
    "src/addons/BS/XFWebSockets/vendor/guzzlehttp/guzzle/src/RequestOptions.php": "52502800f5fe86d5f0e8b0c9c856934f0292d0c81e4da9ca285e673cb0d19175",
    "src/addons/BS/XFWebSockets/vendor/guzzlehttp/guzzle/src/RetryMiddleware.php": "b1db25f656e5edf9a66a557130e372b34e0839673b71b40a9b8ca78b5608faf3",
    "src/addons/BS/XFWebSockets/vendor/guzzlehttp/guzzle/src/TransferStats.php": "264664c238a09e7b98bf7089fe57a41efe6e268a384a8de83e51262ca933af72",
    "src/addons/BS/XFWebSockets/vendor/guzzlehttp/guzzle/src/Utils.php": "e71126b0bf2c607c85408ff7ec0c3cd36c3866d16e67f537b5a0d3e3c9eca878",
    "src/addons/BS/XFWebSockets/vendor/guzzlehttp/guzzle/UPGRADING.md": "e450925d04e35df5f2b763d5755a968c5e4e9e759fa47e9d51d350c4d69c71f6",
    "src/addons/BS/XFWebSockets/vendor/guzzlehttp/promises/CHANGELOG.md": "33d21e4e943afc6d02bbb41c9536521b15f5df5ede2b38b50a098d42df69eeaf",
    "src/addons/BS/XFWebSockets/vendor/guzzlehttp/promises/composer.json": "a2f9d5244eb451d420b480630253abef348d8ae34cc3f5b46fa7ab16df40a485",
    "src/addons/BS/XFWebSockets/vendor/guzzlehttp/promises/LICENSE": "098313b3908e2a799731aa3816386fe33af0bef21dbe6acc75e7c98958ec89ed",
    "src/addons/BS/XFWebSockets/vendor/guzzlehttp/promises/README.md": "da747bed2e704c6e20150a845f101e67cf47e49f15e1999804ae58c7f1c56818",
    "src/addons/BS/XFWebSockets/vendor/guzzlehttp/promises/src/AggregateException.php": "0a6b605fb50e878dd8e7f8bfc8dece5693a451b08689c5bea2598d1087092212",
    "src/addons/BS/XFWebSockets/vendor/guzzlehttp/promises/src/CancellationException.php": "643c0bab3dbea063d80315689e62710a5bd50086a1856f84f7c7a80f9489771a",
    "src/addons/BS/XFWebSockets/vendor/guzzlehttp/promises/src/Coroutine.php": "3e63873905a4caef26f83617e10668bf582942b14b004e12e71d542e99d0267c",
    "src/addons/BS/XFWebSockets/vendor/guzzlehttp/promises/src/Create.php": "b54165824373b2b653b943a118172e74aa0bef832b8e3ad2f19c4baa5e254707",
    "src/addons/BS/XFWebSockets/vendor/guzzlehttp/promises/src/Each.php": "9f43872df121a660b914bdd0a35e0b88d9ea582ecebb0530540439f5616d512b",
    "src/addons/BS/XFWebSockets/vendor/guzzlehttp/promises/src/EachPromise.php": "2280ac8bc4d003c154c2b8aeb02d383ea9e7576c2059250cb51740bb9b4f7f6f",
    "src/addons/BS/XFWebSockets/vendor/guzzlehttp/promises/src/FulfilledPromise.php": "3f5ae9b107778c0652712c7a3feb008390125f7e236a573419ed0a1f4ec3b1ff",
    "src/addons/BS/XFWebSockets/vendor/guzzlehttp/promises/src/functions.php": "e0e948ae0a9b90de6af82e2bbc891dfe084fa88c9baf0650139f85f7be6e535d",
    "src/addons/BS/XFWebSockets/vendor/guzzlehttp/promises/src/functions_include.php": "180e0321afacc8b02a9be2586e2d71ceb0666f47891ed5444035572909b00792",
    "src/addons/BS/XFWebSockets/vendor/guzzlehttp/promises/src/Is.php": "74db164c07385ce29926999988f01d95043971decf349a0548c417642bbdd624",
    "src/addons/BS/XFWebSockets/vendor/guzzlehttp/promises/src/Promise.php": "e396bc8359584082628df78a218847d5f49f1eff9b6173ee22df98e0d80107a6",
    "src/addons/BS/XFWebSockets/vendor/guzzlehttp/promises/src/PromiseInterface.php": "b8be88449204c8ef9aed470039716387744596cd82b909a2c0595d52cb14c7b6",
    "src/addons/BS/XFWebSockets/vendor/guzzlehttp/promises/src/PromisorInterface.php": "7bec719ecb94092fcdcff8cc20cdce63e8281c1ed63c8e7d2227a69e4bbeb614",
    "src/addons/BS/XFWebSockets/vendor/guzzlehttp/promises/src/RejectedPromise.php": "740b4b8bae6fb778e24aeb0e24f06ddc48a7f1bd16458c03646e1dbed04118b1",
    "src/addons/BS/XFWebSockets/vendor/guzzlehttp/promises/src/RejectionException.php": "e321e880e56475f84b0830d3dd78a823dc47f8794264095b2809e625d78b787a",
    "src/addons/BS/XFWebSockets/vendor/guzzlehttp/promises/src/TaskQueue.php": "838bf41029363e39b1480b13d52d4e9a5b579050929337a037df87d0e8bc93d5",
    "src/addons/BS/XFWebSockets/vendor/guzzlehttp/promises/src/TaskQueueInterface.php": "88118d95fa86d47e70d55c8f1e31564d5c4b4deeb7135c7c2d749ace57ff1726",
    "src/addons/BS/XFWebSockets/vendor/guzzlehttp/promises/src/Utils.php": "8ad964ee4bc3a244e7f3a17369e3a3da1a9d8918e66544feb35fb6d797676fa1",
    "src/addons/BS/XFWebSockets/vendor/guzzlehttp/psr7/CHANGELOG.md": "de0f91e85fa188a8c7d11f6a582c0cc45adce4dbf3c0c309722075eba150ef13",
    "src/addons/BS/XFWebSockets/vendor/guzzlehttp/psr7/composer.json": "44bd2fbcfc5c91a882bb438560b3879d45c703721ed41c20d5750f3245995feb",
    "src/addons/BS/XFWebSockets/vendor/guzzlehttp/psr7/LICENSE": "709437fdecfeb9f22f71d0c144eb4d11938b99a7665f650e6f49fb9dcbfcce84",
    "src/addons/BS/XFWebSockets/vendor/guzzlehttp/psr7/README.md": "6b3b51d08a1447cf42a9e0bad2b0e4c5c14ae844cfa44ac305078aeb40d2e4cc",
    "src/addons/BS/XFWebSockets/vendor/guzzlehttp/psr7/src/AppendStream.php": "8f28067e508c0722664e889828e08cb8b4368c53852a3a66a63468e6bc120e1c",
    "src/addons/BS/XFWebSockets/vendor/guzzlehttp/psr7/src/BufferStream.php": "c309aae9a8678a06fc3fb3b2d507ea64e7c9cb933389332af1eb926df7cd65f3",
    "src/addons/BS/XFWebSockets/vendor/guzzlehttp/psr7/src/CachingStream.php": "cf23c64122cbcf73cb39ad44792ad180cd3c46334f8d2db8e1f893efc9e55a9d",
    "src/addons/BS/XFWebSockets/vendor/guzzlehttp/psr7/src/DroppingStream.php": "af6ae45881fda23f2160c9d4ed38c13d6890c8e12fe4263763facd189e9deb42",
    "src/addons/BS/XFWebSockets/vendor/guzzlehttp/psr7/src/Exception/MalformedUriException.php": "68bbfb1b1044c21b8ab0fda0bda047c342287d592e8f3f5252fab30ff92a852a",
    "src/addons/BS/XFWebSockets/vendor/guzzlehttp/psr7/src/FnStream.php": "7db57f5b320bbf705f8427fa9e462fcaf855a5a6525300250b3910f05217d4de",
    "src/addons/BS/XFWebSockets/vendor/guzzlehttp/psr7/src/Header.php": "2cd44a9b4f71e32ab4c53e493f489c4af103348e3536defc859c1604f0997d14",
    "src/addons/BS/XFWebSockets/vendor/guzzlehttp/psr7/src/HttpFactory.php": "024e7b4c2c9dd13faf656b8d9fbccd5872fb3abf804390c50bf2ba82df46c440",
    "src/addons/BS/XFWebSockets/vendor/guzzlehttp/psr7/src/InflateStream.php": "d5dd869eeff683145a41d0c1854009680522c20d9488405ae5c2661415694a06",
    "src/addons/BS/XFWebSockets/vendor/guzzlehttp/psr7/src/LazyOpenStream.php": "77176d36ccb5ae9d5e9ea510d1284a52462435c8e49ac9b7171c5be04bac2613",
    "src/addons/BS/XFWebSockets/vendor/guzzlehttp/psr7/src/LimitStream.php": "b0499720a2b46353c454c7e66e24f53915572f5bcec7cd8b6483c018c9a98f82",
    "src/addons/BS/XFWebSockets/vendor/guzzlehttp/psr7/src/Message.php": "126946795cee9e947f523373b387358f55cb5e7a324dfa4e7b92dd1ea3cb39ec",
    "src/addons/BS/XFWebSockets/vendor/guzzlehttp/psr7/src/MessageTrait.php": "114695274e1cc40b6147fc03ae1004e9fc30689d75f7521ed58b5ad05e0e3af6",
    "src/addons/BS/XFWebSockets/vendor/guzzlehttp/psr7/src/MimeType.php": "97435b5a2370c3b9a1a32d4e7f9bbc31f29f36d6e8fbcd9b192969d5aee860d9",
    "src/addons/BS/XFWebSockets/vendor/guzzlehttp/psr7/src/MultipartStream.php": "1a7e3e3dd685f69f12110a758eef7a7d9d2139eba05c8cf821d9106fc93753b3",
    "src/addons/BS/XFWebSockets/vendor/guzzlehttp/psr7/src/NoSeekStream.php": "d8f3fcfbba6378d0c94b8e00295eb2b873523c255216c4f6bf738bb77eb43483",
    "src/addons/BS/XFWebSockets/vendor/guzzlehttp/psr7/src/PumpStream.php": "3d60e5f0d95e4b7245c76e91d70e5478855ea9bc224e38c1ca4624d8bf5a1c9f",
    "src/addons/BS/XFWebSockets/vendor/guzzlehttp/psr7/src/Query.php": "c9650b818897d0f3762464ba3ff51fed185410ef1609f7c22d56f070b5f06923",
    "src/addons/BS/XFWebSockets/vendor/guzzlehttp/psr7/src/Request.php": "62896137d042aaee2164b0cf05c0ecb36a9704fedb09c60ce3093e16694cef87",
    "src/addons/BS/XFWebSockets/vendor/guzzlehttp/psr7/src/Response.php": "1dd37490d77d9168a68ddd610978f867a532e7a23b06b31d157c25ae89a6c68d",
    "src/addons/BS/XFWebSockets/vendor/guzzlehttp/psr7/src/Rfc7230.php": "68a95542d94cd87bcfd75a416eb9731c4840c601c538a0c2d5b57e840114d9c8",
    "src/addons/BS/XFWebSockets/vendor/guzzlehttp/psr7/src/ServerRequest.php": "5824f395df27bc47ba4b68f32911611ef4b1b134378183a29fc0eb7358e4fe19",
    "src/addons/BS/XFWebSockets/vendor/guzzlehttp/psr7/src/Stream.php": "89a3abac9af52b09a9504718556fdf279c8c41c61a28104f0ba30241dede2ac8",
    "src/addons/BS/XFWebSockets/vendor/guzzlehttp/psr7/src/StreamDecoratorTrait.php": "24f214fe2dde4de052084d0fa7a5460c5f43b0ac5e853aecf497a10fc18d8426",
    "src/addons/BS/XFWebSockets/vendor/guzzlehttp/psr7/src/StreamWrapper.php": "9beb6283017ef230b074582324cfd65ccbaa1ac35fb00541f219747d484d0dcc",
    "src/addons/BS/XFWebSockets/vendor/guzzlehttp/psr7/src/UploadedFile.php": "bc4eb9dab7042bdd4034b38a9fa5d690750ccf8648b37e25c50422075612534d",
    "src/addons/BS/XFWebSockets/vendor/guzzlehttp/psr7/src/Uri.php": "3153edef88965b10b1b87e566bbdbe0c50bf2e2e8caac34a0b129027286e9c0a",
    "src/addons/BS/XFWebSockets/vendor/guzzlehttp/psr7/src/UriComparator.php": "76fd693bd93822d5e5a11ba5a56328dc0aeed1639c4b0969ab7f8f9204f4989e",
    "src/addons/BS/XFWebSockets/vendor/guzzlehttp/psr7/src/UriNormalizer.php": "41afe8768579385d8e92df35dc48e615b5518486cddcc86a3584e48cbe7df2e6",
    "src/addons/BS/XFWebSockets/vendor/guzzlehttp/psr7/src/UriResolver.php": "25e8804fe4dd539c72770c4f39e7aa0739e9ff5f8ad07b1c0e2261d9cebbb3f9",
    "src/addons/BS/XFWebSockets/vendor/guzzlehttp/psr7/src/Utils.php": "dafae0550cf663d7d2309c033b814cc13bf449e745c59d7c618afb46a3e43892",
    "src/addons/BS/XFWebSockets/vendor/paragonie/random_compat/build-phar.sh": "c32f3ec40fbc05c1b301e6fd4de5c067ba31c70f4ad4b3f6f4798743235edc28",
    "src/addons/BS/XFWebSockets/vendor/paragonie/random_compat/composer.json": "dca88fe15257253068dc22f07563b5b3aba76fe5f71ab43678f91d4f6a5e0e3b",
    "src/addons/BS/XFWebSockets/vendor/paragonie/random_compat/dist/random_compat.phar.pubkey": "8a02cf9db52b09b0afe04f3e812785c2a9854951bec0c31568a13b82d4870005",
    "src/addons/BS/XFWebSockets/vendor/paragonie/random_compat/dist/random_compat.phar.pubkey.asc": "3c55e651398d15479bcb279fba8e30d8c43155834cfdb5fecb62e61c9fd79f33",
    "src/addons/BS/XFWebSockets/vendor/paragonie/random_compat/lib/random.php": "a978e3aa758976cd607e0e865a3ca93b03dfcefb457e8e6c8077ab5460a888a9",
    "src/addons/BS/XFWebSockets/vendor/paragonie/random_compat/LICENSE": "e79a4c7d03c72850c60b2d5c41c2f92d33448ed2b243bd4686cfa7674e15e3ba",
    "src/addons/BS/XFWebSockets/vendor/paragonie/random_compat/other/build_phar.php": "c7bd99692001ec4acbb5d9a6d9ac2792e926879ae5ef70ecb127baa0cef1d10d",
    "src/addons/BS/XFWebSockets/vendor/paragonie/random_compat/psalm-autoload.php": "5cd0ad215f5b753db165e4b1eb638ced0ddadca0c78d966fe61f87acd58262f2",
    "src/addons/BS/XFWebSockets/vendor/paragonie/random_compat/psalm.xml": "e4095e243d790a5001df8f469382c2d97ae069943bd42dee0f5e613dd958cd4e",
    "src/addons/BS/XFWebSockets/vendor/paragonie/sodium_compat/autoload-php7.php": "1578b1c6f97fe3bd1417e6b493c4f55b1666659b1e6dafa3b22d7730f90f1144",
    "src/addons/BS/XFWebSockets/vendor/paragonie/sodium_compat/autoload.php": "a3ba5f4f2fec2de23c95c9624b38bb41fdb7b95a9dc1cbf59ae93cca5c83fb5f",
    "src/addons/BS/XFWebSockets/vendor/paragonie/sodium_compat/composer-php52.json": "0d0817652921d0db24316057e183b2d8e74794a5d589c5f251598b2e1366052f",
    "src/addons/BS/XFWebSockets/vendor/paragonie/sodium_compat/composer.json": "625889e17b2de0a4813d1d57ab177183bf069d6fb9600ac0f25ca7602e74e3f0",
    "src/addons/BS/XFWebSockets/vendor/paragonie/sodium_compat/lib/constants.php": "e211d55b064f9f8c6994e16efc6d3308ef943ebf1845c8d224e694f2660c10c3",
    "src/addons/BS/XFWebSockets/vendor/paragonie/sodium_compat/lib/namespaced.php": "476eb188ce7b66400c21748efb5accfc282ea02474a793042594452ee582392a",
    "src/addons/BS/XFWebSockets/vendor/paragonie/sodium_compat/lib/php72compat.php": "3af171c31f976011c53200ec29ac62ff7871ec013e1bc57f8e2c80d75f30b4c5",
    "src/addons/BS/XFWebSockets/vendor/paragonie/sodium_compat/lib/php72compat_const.php": "040aaf18aa07506264d40a64e83e8dc8e60a0c704bc5685f9301ec00fc527f07",
    "src/addons/BS/XFWebSockets/vendor/paragonie/sodium_compat/lib/ristretto255.php": "049de55afd4531a4a65e5df8afa07adc08187018d38e14850c448c65ca335ee8",
    "src/addons/BS/XFWebSockets/vendor/paragonie/sodium_compat/lib/sodium_compat.php": "ac74ccaa7450dca9d69f0fc596b419f510c1581d14787b0c34e5e937645a6a00",
    "src/addons/BS/XFWebSockets/vendor/paragonie/sodium_compat/lib/stream-xchacha20.php": "5fa3ab4b6e0c4c974f2af735275939f6d224774dc6bdb9a34e17c73f8d54fd98",
    "src/addons/BS/XFWebSockets/vendor/paragonie/sodium_compat/LICENSE": "1f74dfe6e7621f71daf7928dcd522a86dedd1118307fe48256e726d38effc8f7",
    "src/addons/BS/XFWebSockets/vendor/paragonie/sodium_compat/namespaced/Compat.php": "ae59dfb04b30ad6a6999d29826c86250393010df28c2f0e11b824280a6a579d4",
    "src/addons/BS/XFWebSockets/vendor/paragonie/sodium_compat/namespaced/Core/BLAKE2b.php": "ffd683c48ec5fdd38911303ae4f151d423c12bed750730514f698719f35bce18",
    "src/addons/BS/XFWebSockets/vendor/paragonie/sodium_compat/namespaced/Core/ChaCha20.php": "2482e70fd87c7bd235a340d2df60d88e806eb936b639044eb8732f2ccb3718f2",
    "src/addons/BS/XFWebSockets/vendor/paragonie/sodium_compat/namespaced/Core/ChaCha20/Ctx.php": "61609cbbd05134d59342ff9ae3e77cf627be9dac73bde356f36ec1059afb4d3a",
    "src/addons/BS/XFWebSockets/vendor/paragonie/sodium_compat/namespaced/Core/ChaCha20/IetfCtx.php": "0574987a882e6b4e6b39ff0082f4e7a93f2db6b8fe0d39f2374c31f8a4dee867",
    "src/addons/BS/XFWebSockets/vendor/paragonie/sodium_compat/namespaced/Core/Curve25519.php": "81e544f88b402e6d040741acae42e7846c24c971bf2420479e0e5be16c907bf8",
    "src/addons/BS/XFWebSockets/vendor/paragonie/sodium_compat/namespaced/Core/Curve25519/Fe.php": "0c1bdcd6743d95c7ee0d1a16fb3956d30f974e95ab366144ecad2713d0dc668a",
    "src/addons/BS/XFWebSockets/vendor/paragonie/sodium_compat/namespaced/Core/Curve25519/Ge/Cached.php": "cc8aa08af8ef7e8589f8cd845cdaf34f476dffce15e9aedfa9442a07014a8e66",
    "src/addons/BS/XFWebSockets/vendor/paragonie/sodium_compat/namespaced/Core/Curve25519/Ge/P1p1.php": "28080eba6fa5689e36b6e2729e516487c5a796d22697b5bddab7a1832dd9671f",
    "src/addons/BS/XFWebSockets/vendor/paragonie/sodium_compat/namespaced/Core/Curve25519/Ge/P2.php": "bc5f9ffb87c43a7f260c90165ec7b1b4d4ef0a76aab1c033d635804577f37930",
    "src/addons/BS/XFWebSockets/vendor/paragonie/sodium_compat/namespaced/Core/Curve25519/Ge/P3.php": "bd61dcbf8084251ec6ced2b96e81a36782882d960fd853fffd701c075b020d01",
    "src/addons/BS/XFWebSockets/vendor/paragonie/sodium_compat/namespaced/Core/Curve25519/Ge/Precomp.php": "229c34972af661a6c2fffb9f46b048c4f2f871bd147433495d07afe15bc43a14",
    "src/addons/BS/XFWebSockets/vendor/paragonie/sodium_compat/namespaced/Core/Curve25519/H.php": "9f945f6b32f34b23282cb15654dbe5fd6c9b088d1c11aae62a932b45d01e2404",
    "src/addons/BS/XFWebSockets/vendor/paragonie/sodium_compat/namespaced/Core/Ed25519.php": "2b40b5cc980b2c61cf11b3805b2e504ef285bcece051f31b5383ea3056a7569c",
    "src/addons/BS/XFWebSockets/vendor/paragonie/sodium_compat/namespaced/Core/HChaCha20.php": "ff0f44d534ca1a085ca503a5bc02f0fd5c8cce9ad0cdbd5ab69530497fc92f1d",
    "src/addons/BS/XFWebSockets/vendor/paragonie/sodium_compat/namespaced/Core/HSalsa20.php": "202dbf136f07f5fd1fb490d09cd310e621d016a75118494ca9bd35abd63a8190",
    "src/addons/BS/XFWebSockets/vendor/paragonie/sodium_compat/namespaced/Core/Poly1305.php": "db9e59e0d0ffff7e21f9d7a416de664bac98d0818653dc380af2422421198582",
    "src/addons/BS/XFWebSockets/vendor/paragonie/sodium_compat/namespaced/Core/Poly1305/State.php": "cf3e7db368bd91f2b13823d393b2019c83eaddc8934cfcb83e85761740ab1699",
    "src/addons/BS/XFWebSockets/vendor/paragonie/sodium_compat/namespaced/Core/Salsa20.php": "645f40cd76a9e39d9baa209314f15d9c05828b5c6170450c3e568a811f68c73d",
    "src/addons/BS/XFWebSockets/vendor/paragonie/sodium_compat/namespaced/Core/SipHash.php": "8ea1b29d750e901b8a774b716b354a8a6b8ae7b023c1ca5a009a0b67737cdaa3",
    "src/addons/BS/XFWebSockets/vendor/paragonie/sodium_compat/namespaced/Core/Util.php": "d17abbe67dbb87e9114f15365f5830de52f5eeea8f44f1265b32cd8c9ca78611",
    "src/addons/BS/XFWebSockets/vendor/paragonie/sodium_compat/namespaced/Core/X25519.php": "7df850a3b047b4d5a691df65e7398db6f8e5c029c0fe7195014cf6103d733c9f",
    "src/addons/BS/XFWebSockets/vendor/paragonie/sodium_compat/namespaced/Core/XChaCha20.php": "e98d67678cbd7c21d3a0b3a25b08da1ecdc83a67e607d00a9efb21fa462f48d6",
    "src/addons/BS/XFWebSockets/vendor/paragonie/sodium_compat/namespaced/Core/Xsalsa20.php": "87423b4f144440ef7b73bdac40bb7c844e2266df1b1aabcc3fec165b2780c5f6",
    "src/addons/BS/XFWebSockets/vendor/paragonie/sodium_compat/namespaced/Crypto.php": "fd56b4cab6806a9c819332813af5b50f7be14143424d5f2243fadfa65fb66f47",
    "src/addons/BS/XFWebSockets/vendor/paragonie/sodium_compat/namespaced/File.php": "7890c0a02a8667f6b1532da1a38623faf2af4c6cd5a00a1d54471b43934a3f81",
    "src/addons/BS/XFWebSockets/vendor/paragonie/sodium_compat/README.md": "9508ca5ecb12485981bc54ca3948fdd3715d04d08c86e29f8453728fbb13a18b",
    "src/addons/BS/XFWebSockets/vendor/paragonie/sodium_compat/src/Compat.php": "611b9189fcef2081ed564aac065635c6f43eb0e0e5bfb667da2fddc6de710f9e",
    "src/addons/BS/XFWebSockets/vendor/paragonie/sodium_compat/src/Core/Base64/Original.php": "319aa44acb5de9fd5acc9798053e029cd923657837d9d0950aee8f09ce713a11",
    "src/addons/BS/XFWebSockets/vendor/paragonie/sodium_compat/src/Core/Base64/UrlSafe.php": "f836967bdf476fcc960cae9d5a609d892a1b2cfefaf3141239a61a61f97c3fba",
    "src/addons/BS/XFWebSockets/vendor/paragonie/sodium_compat/src/Core/BLAKE2b.php": "0b4411492b6e615e48cd280636d7bff795d5dcece452384b5529ac77c79e7f28",
    "src/addons/BS/XFWebSockets/vendor/paragonie/sodium_compat/src/Core/ChaCha20.php": "88369f649ab16102ec9b7ce40c04c99347d9d77650c3b58e7b1e3955d277a4cf",
    "src/addons/BS/XFWebSockets/vendor/paragonie/sodium_compat/src/Core/ChaCha20/Ctx.php": "c81359c633a26d69f15a6eeb16fdad844e5068e7d8d622e702401efd8f7180c7",
    "src/addons/BS/XFWebSockets/vendor/paragonie/sodium_compat/src/Core/ChaCha20/IetfCtx.php": "2242ff87441523ba2915089b3a6e4c8b7dc271f2dd9b980bd9df62a44c206117",
    "src/addons/BS/XFWebSockets/vendor/paragonie/sodium_compat/src/Core/Curve25519.php": "0a262f2837aa4a8279775f0aa9f0e77a1df5cdff0e01cb1e5e935517b02dd009",
    "src/addons/BS/XFWebSockets/vendor/paragonie/sodium_compat/src/Core/Curve25519/Fe.php": "917900ef95ec9052a591d82da596c28bb397b8e0d2010ce945ea980b7d1d6055",
    "src/addons/BS/XFWebSockets/vendor/paragonie/sodium_compat/src/Core/Curve25519/Ge/Cached.php": "47ed26428a34bef32986b2866e93025bd216ccb5a3b03d7de20a73d03527d275",
    "src/addons/BS/XFWebSockets/vendor/paragonie/sodium_compat/src/Core/Curve25519/Ge/P1p1.php": "f020c30d688cf7029c3f95753c192a6ed7709721bc1c3d5d699c26cec3e94091",
    "src/addons/BS/XFWebSockets/vendor/paragonie/sodium_compat/src/Core/Curve25519/Ge/P2.php": "d9cbae2f47ce93d9499f2947d431c45dc09ef9b05eb0f0bf8ed711b9ca1c7959",
    "src/addons/BS/XFWebSockets/vendor/paragonie/sodium_compat/src/Core/Curve25519/Ge/P3.php": "766e13a110be32172a1ff88f3d7c8ae4e2e516e90b81d9be5ac91f209c7c4eba",
    "src/addons/BS/XFWebSockets/vendor/paragonie/sodium_compat/src/Core/Curve25519/Ge/Precomp.php": "0170e155d2a8f56daf92cbcb9f03ac05d572f18b42ea87c2802d548aa484d3f4",
    "src/addons/BS/XFWebSockets/vendor/paragonie/sodium_compat/src/Core/Curve25519/H.php": "5bdca3663d50486dd4d1101cf90b10f5ef9fbb7ccbf6fca8c29487941ba348ae",
    "src/addons/BS/XFWebSockets/vendor/paragonie/sodium_compat/src/Core/Curve25519/README.md": "2d8c95220c42f648c8bf10146f77997f4a23cf619ab4e5e0e76713f8cc79f7f6",
    "src/addons/BS/XFWebSockets/vendor/paragonie/sodium_compat/src/Core/Ed25519.php": "854442be308032f63e6f70d4b396d235849ea7212bcc9d4a528a8849b3d7dcf4",
    "src/addons/BS/XFWebSockets/vendor/paragonie/sodium_compat/src/Core/HChaCha20.php": "d7abbed639fa45d61bb46678ed7546737e11878e84191080a58b7e30fdb86273",
    "src/addons/BS/XFWebSockets/vendor/paragonie/sodium_compat/src/Core/HSalsa20.php": "15f474f45cea3fece4eac6177580835539cf63849316b37e1e99e4edd14bbca9",
    "src/addons/BS/XFWebSockets/vendor/paragonie/sodium_compat/src/Core/Poly1305.php": "8c5b83b626454c36f53a39a0d839ce1e796614df60c87679acade3e152cc8989",
    "src/addons/BS/XFWebSockets/vendor/paragonie/sodium_compat/src/Core/Poly1305/State.php": "fc192e221f937aafc3cdc4b2ac1dd516f96553a75387762625f7fe56344bb144",
    "src/addons/BS/XFWebSockets/vendor/paragonie/sodium_compat/src/Core/Ristretto255.php": "22ec93547310b8c3b3dc63eb5caad9c29bd6e4539b5bb18138e387909016912e",
    "src/addons/BS/XFWebSockets/vendor/paragonie/sodium_compat/src/Core/Salsa20.php": "ecff9a937af88fe087ff432b3dee096213890cf5377a2734edeec880547f360d",
    "src/addons/BS/XFWebSockets/vendor/paragonie/sodium_compat/src/Core/SecretStream/State.php": "7f5cdc92ae4330588efaff8a28d3251eac9b48aeab70e448604d180471f195b8",
    "src/addons/BS/XFWebSockets/vendor/paragonie/sodium_compat/src/Core/SipHash.php": "e1297c4ff528824e08d6082a91ccb356261153005f4d18e68c71b54a30c4e65a",
    "src/addons/BS/XFWebSockets/vendor/paragonie/sodium_compat/src/Core/Util.php": "a2eae4c7929a84ab3266816d4a70c689e89fab62c3b5c9eb97e9bff7c10b10ad",
    "src/addons/BS/XFWebSockets/vendor/paragonie/sodium_compat/src/Core/X25519.php": "2a0942f4f0453116035ed8c7a1f3e7da7324621d80d93c60eba30d187a0ea8de",
    "src/addons/BS/XFWebSockets/vendor/paragonie/sodium_compat/src/Core/XChaCha20.php": "58c2df4d57a582205b60a4670768d51c9412af1c493e1b31e94304b0e594838f",
    "src/addons/BS/XFWebSockets/vendor/paragonie/sodium_compat/src/Core/XSalsa20.php": "80151b03429b8d17ea792b4da7de33d1ee60b97b0a82bdaaa2fb98699a368322",
    "src/addons/BS/XFWebSockets/vendor/paragonie/sodium_compat/src/Core32/BLAKE2b.php": "520be088a2028f7633804179ad1843d4386a969acc754ee01b09c3e8b9b85b41",
    "src/addons/BS/XFWebSockets/vendor/paragonie/sodium_compat/src/Core32/ChaCha20.php": "d7e29584cc431eb49919fd01cfc8264f90bebef7076e4bb2b4b133c630111c72",
    "src/addons/BS/XFWebSockets/vendor/paragonie/sodium_compat/src/Core32/ChaCha20/Ctx.php": "9ebee6da219dcd57458002b18b403db77ee105ba1c1f05ab11e69009ed655741",
    "src/addons/BS/XFWebSockets/vendor/paragonie/sodium_compat/src/Core32/ChaCha20/IetfCtx.php": "3d9cc2c6e0af0415b5d19c825eb7d62caa1299ee31ab68715982976b53c9d853",
    "src/addons/BS/XFWebSockets/vendor/paragonie/sodium_compat/src/Core32/Curve25519.php": "6f09b3a87b06c92e82dd276fb10ea1062edcd3c4c9eb5de8b156539b6510bcc3",
    "src/addons/BS/XFWebSockets/vendor/paragonie/sodium_compat/src/Core32/Curve25519/Fe.php": "f4e6c38e08d6ece5ee49dfe197bf03be0dbc2e357f4d26413d14c85fcb479a4e",
    "src/addons/BS/XFWebSockets/vendor/paragonie/sodium_compat/src/Core32/Curve25519/Ge/Cached.php": "1f35e8d649cb0527d40fd3c0e05623f4535a62e60c0dbb7b23b35fd4c223f80d",
    "src/addons/BS/XFWebSockets/vendor/paragonie/sodium_compat/src/Core32/Curve25519/Ge/P1p1.php": "a73351127182d1548afa20c027288c8b23f4387b16b608efd6cf5b48b16ad800",
    "src/addons/BS/XFWebSockets/vendor/paragonie/sodium_compat/src/Core32/Curve25519/Ge/P2.php": "c20e998d89be90f328b1931916fd676d2191b7a2a414367863a32a4d25d95afc",
    "src/addons/BS/XFWebSockets/vendor/paragonie/sodium_compat/src/Core32/Curve25519/Ge/P3.php": "3435380807c5c1fdfd3e0a03f054119853fe9e82a18662c48fcfbae696b7125a",
    "src/addons/BS/XFWebSockets/vendor/paragonie/sodium_compat/src/Core32/Curve25519/Ge/Precomp.php": "c8c09e1e6af63f3548a6e6ba5e792c466c4f85ac6a1e5338ee4ceae4f2c94e6a",
    "src/addons/BS/XFWebSockets/vendor/paragonie/sodium_compat/src/Core32/Curve25519/H.php": "7809943ce7c07996f2da77548d9fcafaaf41cc1c32d7f448bdb0786577a4374e",
    "src/addons/BS/XFWebSockets/vendor/paragonie/sodium_compat/src/Core32/Curve25519/README.md": "2d8c95220c42f648c8bf10146f77997f4a23cf619ab4e5e0e76713f8cc79f7f6",
    "src/addons/BS/XFWebSockets/vendor/paragonie/sodium_compat/src/Core32/Ed25519.php": "66089cf07de8b1e16a80288e3e673260f864dc0766216a483155661d36caf3ae",
    "src/addons/BS/XFWebSockets/vendor/paragonie/sodium_compat/src/Core32/HChaCha20.php": "4f670346620429b2aedb16f3018598d0c6772b48719fb01231af654fdf7cd2a4",
    "src/addons/BS/XFWebSockets/vendor/paragonie/sodium_compat/src/Core32/HSalsa20.php": "ee0884706a0b59fd1e346420b734c40f7f528e24cfd1c45dc491b1f64ab07582",
    "src/addons/BS/XFWebSockets/vendor/paragonie/sodium_compat/src/Core32/Int32.php": "dff42d5e03045a57bdbdae417bc277c9d8ac96117e39ab01b205587f1c19cc9e",
    "src/addons/BS/XFWebSockets/vendor/paragonie/sodium_compat/src/Core32/Int64.php": "25363bea0769f796bcaacf77b014c014c8128c5c1a1232e7c6ad4bcf661a3f20",
    "src/addons/BS/XFWebSockets/vendor/paragonie/sodium_compat/src/Core32/Poly1305.php": "97babb05e989a164fadde055c4efd1f3fd306cd9f3e41fb8d8be910d4e74b86a",
    "src/addons/BS/XFWebSockets/vendor/paragonie/sodium_compat/src/Core32/Poly1305/State.php": "0ac2f7789512ead254d7b4093853ca23a8415f191d626a3635ebeda7dd2036a0",
    "src/addons/BS/XFWebSockets/vendor/paragonie/sodium_compat/src/Core32/Salsa20.php": "7500ed3a49401dd69341293627d33f5c300c3d89d5a67a40931d6daf9d734b97",
    "src/addons/BS/XFWebSockets/vendor/paragonie/sodium_compat/src/Core32/SecretStream/State.php": "22f159f0c32748439170f03ff3735bb06e1e7a6bc5f30cf907c388ede721b97e",
    "src/addons/BS/XFWebSockets/vendor/paragonie/sodium_compat/src/Core32/SipHash.php": "80228e14f6feeec9483e340e1e33a2330a91de70dce9049e2a25f4e19ea1f0b0",
    "src/addons/BS/XFWebSockets/vendor/paragonie/sodium_compat/src/Core32/Util.php": "78f690cb63b6292d3759a9ef588df55f497af822fa895d59cdbcbc23d00b0298",
    "src/addons/BS/XFWebSockets/vendor/paragonie/sodium_compat/src/Core32/X25519.php": "640fd6b6bbae8659e2ece488eb57ec886b7d5adb9dafc88c6c1db66ef82cbba8",
    "src/addons/BS/XFWebSockets/vendor/paragonie/sodium_compat/src/Core32/XChaCha20.php": "80ff1e308e00d96688b44ba5c89fdb3aae68618662ef4206162de7f8db03c689",
    "src/addons/BS/XFWebSockets/vendor/paragonie/sodium_compat/src/Core32/XSalsa20.php": "e23aec8e591ea6ebe9260e67f32b335692c5e847b383beb705065ee6c676b630",
    "src/addons/BS/XFWebSockets/vendor/paragonie/sodium_compat/src/Crypto.php": "9d5ed20030a69f368bb2faf94f98a286daa581eadf52d453e1b9a35447948bc4",
    "src/addons/BS/XFWebSockets/vendor/paragonie/sodium_compat/src/Crypto32.php": "ed89b3eccb14c5c47240a6bae06f2eed1cc8fd04a714d3581ed36e01b0601cd7",
    "src/addons/BS/XFWebSockets/vendor/paragonie/sodium_compat/src/File.php": "5f596417a6bf7ab3db1b06d0d449afd856cf9fe149283dd3a5b8399eae5fea17",
    "src/addons/BS/XFWebSockets/vendor/paragonie/sodium_compat/src/PHP52/SplFixedArray.php": "60af027395607c7d21fb3df14418a92d0af98db0f17256645bfae1987d961a8c",
    "src/addons/BS/XFWebSockets/vendor/paragonie/sodium_compat/src/SodiumException.php": "4dc4b39dfd4ec7932aa9680ee915ec5c407e3bf6699f3f694102b292543e8b04",
    "src/addons/BS/XFWebSockets/vendor/psr/http-client/CHANGELOG.md": "5f47d263a5b3946cb2bbd912b99de35ec965de1bd51509eeffe6377c52aff58a",
    "src/addons/BS/XFWebSockets/vendor/psr/http-client/composer.json": "7c0833b5c5669a0b56444b89c763b0cc8e6685f32008c8f75c25574d1c179ab1",
    "src/addons/BS/XFWebSockets/vendor/psr/http-client/LICENSE": "ea5ec78820494a5256b0ccbecef9212bc7b93b797273ab08cc2eaa34e0ab3e50",
    "src/addons/BS/XFWebSockets/vendor/psr/http-client/README.md": "2864b8d922627a18701f9f2730d1506a81ef28544d630cda0f682a94440c2b2d",
    "src/addons/BS/XFWebSockets/vendor/psr/http-client/src/ClientExceptionInterface.php": "2ae6b264ddfc8d48096fe50927634a6b406e1eb26e1d00bd992e9aa36f55410b",
    "src/addons/BS/XFWebSockets/vendor/psr/http-client/src/ClientInterface.php": "f377b570f3211f8d824c7f1edd5c2288c97b51cc27347b1aa74988b05616e137",
    "src/addons/BS/XFWebSockets/vendor/psr/http-client/src/NetworkExceptionInterface.php": "93b74d294718e772af07780a6df2bb13671701df8a1d1e752d79cb3decd08f66",
    "src/addons/BS/XFWebSockets/vendor/psr/http-client/src/RequestExceptionInterface.php": "1bcf5fc2b4a6e1a982020caddab497edd889124fd8d17aea1efb1895cb96ee38",
    "src/addons/BS/XFWebSockets/vendor/psr/http-factory/composer.json": "e6f56aa220628af542ca0ef0877da418bc815759ecb37ee39c60914e752d7eb0",
    "src/addons/BS/XFWebSockets/vendor/psr/http-factory/LICENSE": "d2e70341a9667b93ad542e4842b0b7022d302aa7c2d2a909b156b8f1e3c4cca8",
    "src/addons/BS/XFWebSockets/vendor/psr/http-factory/README.md": "d80b63e2a8c4f80af830e5307683fc73718d15e71db3c5af56e15b56b2a47d63",
    "src/addons/BS/XFWebSockets/vendor/psr/http-factory/src/RequestFactoryInterface.php": "95bb9e09f52d05bf09630cce49abbfdb2282d396ccc3e16e77e3a9f54cd4071f",
    "src/addons/BS/XFWebSockets/vendor/psr/http-factory/src/ResponseFactoryInterface.php": "fb58f39db8e472bed4109f6392443a10785305ccc0c920d11f98208f91214e02",
    "src/addons/BS/XFWebSockets/vendor/psr/http-factory/src/ServerRequestFactoryInterface.php": "8584390af1bc3c624918525e725a7cfa639366c15bb7a3c7c065d04d8a20703b",
    "src/addons/BS/XFWebSockets/vendor/psr/http-factory/src/StreamFactoryInterface.php": "25fe9d048ce6718141d21c122ef9b3498be45025300717ccbe912ef5bc0083ec",
    "src/addons/BS/XFWebSockets/vendor/psr/http-factory/src/UploadedFileFactoryInterface.php": "e5f04a9af80b797615eafa3485f4b57f9dc4f23e894c97db9b4738432b6c1259",
    "src/addons/BS/XFWebSockets/vendor/psr/http-factory/src/UriFactoryInterface.php": "2600f967cd969706dcdff326d3fe602e812110352c75c6b5e9773601f2d17c7d",
    "src/addons/BS/XFWebSockets/vendor/psr/http-message/CHANGELOG.md": "0e0a6a6166edde635031315c05f880d4e792f2cdd493618f5bac0b09bd9a11a7",
    "src/addons/BS/XFWebSockets/vendor/psr/http-message/composer.json": "96781ea96de30367767e298f5a340a040878144b7540ce490c9089bf7e0b9b37",
    "src/addons/BS/XFWebSockets/vendor/psr/http-message/docs/PSR7-Interfaces.md": "255d8acfecf55b477403a49775c907b4a9c833237ca9a856b96d8a71b545ea30",
    "src/addons/BS/XFWebSockets/vendor/psr/http-message/docs/PSR7-Usage.md": "49daf54cea1064dc256357ae684b42bac35ccb6df930a2f4cb3f05fa0226e9a6",
    "src/addons/BS/XFWebSockets/vendor/psr/http-message/LICENSE": "8d36e938943b04ef01994bb148793c971685b746d0ced31da03a97594a47ee62",
    "src/addons/BS/XFWebSockets/vendor/psr/http-message/README.md": "4cd6339fa85e7a903f2117b081de8446cd45229b9b761539dd8f440ccd2eb288",
    "src/addons/BS/XFWebSockets/vendor/psr/http-message/src/MessageInterface.php": "1ef5798924509ccea3ff3e596af4c5b6b63e121f7d0441503310b29cf837b9df",
    "src/addons/BS/XFWebSockets/vendor/psr/http-message/src/RequestInterface.php": "3d7531e17a3e704d7bed9f0f2bb37ffc7f1842a2cd39f789ce7e7a4023d434f9",
    "src/addons/BS/XFWebSockets/vendor/psr/http-message/src/ResponseInterface.php": "1cc32dded30a668714b17688a2be8a0053effb7fabe7655bd4459ecfbc6eeb44",
    "src/addons/BS/XFWebSockets/vendor/psr/http-message/src/ServerRequestInterface.php": "43c218d6c4426c7f1d354b20736ec77be924b94e7c1b11786057de6c3f3f66e8",
    "src/addons/BS/XFWebSockets/vendor/psr/http-message/src/StreamInterface.php": "0a3267552ebbcac5f0cd522dd10d96ad985595fd4f90d8566b449db2e060b385",
    "src/addons/BS/XFWebSockets/vendor/psr/http-message/src/UploadedFileInterface.php": "2823ae936f8f0030879fe12a507080d4eb91c6a534f57ff38e8f37561d78916c",
    "src/addons/BS/XFWebSockets/vendor/psr/http-message/src/UriInterface.php": "8d96e63fb984db31eaedd858ae60549dcf6332c939d4cc940ca97f1fe6d91d1e",
    "src/addons/BS/XFWebSockets/vendor/psr/log/composer.json": "1f8dfc72d50f452d0795681fde72b7c008eedd4fcbca482b70a35401c9fbb661",
    "src/addons/BS/XFWebSockets/vendor/psr/log/LICENSE": "6e944907067bae93c00a9f2ad51032243820b22df34b77c77690d46cb2e98e24",
    "src/addons/BS/XFWebSockets/vendor/psr/log/README.md": "4f2bc231e87cda248b1fa2aef7a930045f3e95f89ee46ff579188d2489372954",
    "src/addons/BS/XFWebSockets/vendor/psr/log/src/AbstractLogger.php": "84c69c6cc60fd805eb525daa79bd04a8d0b73e52776e1a0c2a9e666b37b4512e",
    "src/addons/BS/XFWebSockets/vendor/psr/log/src/InvalidArgumentException.php": "403c6def4d4199a12cb4a54e804c7d29405968871366500f72d6f3ea401bfc64",
    "src/addons/BS/XFWebSockets/vendor/psr/log/src/LoggerAwareInterface.php": "dda2a40d726771b644427165de6e2099efe7b6673a554ed2a1a1487fc9c3bff9",
    "src/addons/BS/XFWebSockets/vendor/psr/log/src/LoggerAwareTrait.php": "bf9a3cca73303f2c0a7245b7351dd89a4bed6aee63a35ba2e3eec0ff377d1bcd",
    "src/addons/BS/XFWebSockets/vendor/psr/log/src/LoggerInterface.php": "7976a843a4f5f934140e4143136462b9a505d58f82c4f61b2a9ad6d6e9a0189d",
    "src/addons/BS/XFWebSockets/vendor/psr/log/src/LoggerTrait.php": "3031c2a872fc13c63106fdc625d5e64181fff65fc7d29c1dba698f8f0588d725",
    "src/addons/BS/XFWebSockets/vendor/psr/log/src/LogLevel.php": "9f2520b22945ce1599c4fedba0a4c75985f172ca86cdf386766ebb8b2363768c",
    "src/addons/BS/XFWebSockets/vendor/psr/log/src/NullLogger.php": "b6e81ac620cd55205acc7d6c65d5ed9b0629f8bd108ab23c0b86736bc973dd85",
    "src/addons/BS/XFWebSockets/vendor/pusher/pusher-php-server/CHANGELOG.md": "8f2674c607f2bc9349d358a8d635b717e57d275763301038a7bed4fe40c9ee97",
    "src/addons/BS/XFWebSockets/vendor/pusher/pusher-php-server/composer.json": "9dca04474f4a01dd71eb905c704839b1da71e71bfb9ef234042b708744da194f",
    "src/addons/BS/XFWebSockets/vendor/pusher/pusher-php-server/src/ApiErrorException.php": "ddd55173421c03ffdafc493b3ca10faa7e87de81a960614bab327f482a088e30",
    "src/addons/BS/XFWebSockets/vendor/pusher/pusher-php-server/src/Pusher.php": "99c759f701fe2c6f0761ce192a9d7444a11d44a093de63529642288ec47dd191",
    "src/addons/BS/XFWebSockets/vendor/pusher/pusher-php-server/src/PusherCrypto.php": "f79003363f4683ee2afd75e0f64fe175aba12e3e110fe09152fd644f3edabb20",
    "src/addons/BS/XFWebSockets/vendor/pusher/pusher-php-server/src/PusherException.php": "c464e71eac8f90b21aa1430c9d0576b5c3987e925b9158308558f56c966a0a92",
    "src/addons/BS/XFWebSockets/vendor/pusher/pusher-php-server/src/PusherInstance.php": "f407acc27bc7a4828ed8d737a40b2e0d37e5f80dd60dfa0fecd90d6d4da0e5b7",
    "src/addons/BS/XFWebSockets/vendor/pusher/pusher-php-server/src/PusherInterface.php": "75fa6b95d8212447b6a1356bab1c1b2a5036a0a7acb4845ccb5fb416f7e2a471",
    "src/addons/BS/XFWebSockets/vendor/pusher/pusher-php-server/src/Webhook.php": "03a956fadd18c015d5126df8e90ce7d141e0e576905fdcc4557e1fa7ed217fe2",
    "src/addons/BS/XFWebSockets/vendor/ralouphie/getallheaders/composer.json": "d7ed4d1fdc4c839c1967143f303d57533d72f58bcc68450a0c68182db0d6c2c0",
    "src/addons/BS/XFWebSockets/vendor/ralouphie/getallheaders/LICENSE": "e97490769229e08f0a017f5c6fd5d8aa1669672110c6df5ebd0506f23ec91087",
    "src/addons/BS/XFWebSockets/vendor/ralouphie/getallheaders/README.md": "a5a015ade842a81fb04d692c9a342fa17446f778110c4e9ba4c8d178f65a8478",
    "src/addons/BS/XFWebSockets/vendor/ralouphie/getallheaders/src/getallheaders.php": "b2275333d82617732ad407dd55420ff16c0d0c19a5599d60aa9e1e3871d5a654",
    "src/addons/BS/XFWebSockets/vendor/symfony/deprecation-contracts/CHANGELOG.md": "73122a1fa6a74b5d5235721839bef8f2756e0c0927feeeea36b141417bcea164",
    "src/addons/BS/XFWebSockets/vendor/symfony/deprecation-contracts/composer.json": "1d2f3d45c8d461f7107f290272c11302418bd9179f2bdbc1e16eb48660a25f9a",
    "src/addons/BS/XFWebSockets/vendor/symfony/deprecation-contracts/function.php": "7b613b9e9473ab25c57052225446644319d4cfc18fb757921d827c278feadeb1",
    "src/addons/BS/XFWebSockets/vendor/symfony/deprecation-contracts/LICENSE": "b92809182501f0fa422167ea44484b41877e1736e8283d0377fdc9664bb9a02d",
    "src/addons/BS/XFWebSockets/vendor/symfony/deprecation-contracts/README.md": "174b9acbcf946eb18550a41ab70d0dfca43502b11da3cdd4d8452a31b20387a7",
    "src/addons/BS/XFWebSockets/_data/activity_summary_definitions.xml": "99d8c2563a31320d66f958fc8bda78613545f5f7959bb3cf5318805e3a3c39d2",
    "src/addons/BS/XFWebSockets/_data/admin_navigation.xml": "064ec797484ac00d5ee37367b50b06846d11f480d00550997712707f8fdac8c0",
    "src/addons/BS/XFWebSockets/_data/admin_permission.xml": "ec6fb97cebf0bceb24f1ed1d5778c1db54eeb7535fbb3e31d824840e7aa9ff87",
    "src/addons/BS/XFWebSockets/_data/advertising_positions.xml": "d2f7cbe844bb1df3cf878d22ff6306249245c8ff6b0b87b9b729744bec538261",
    "src/addons/BS/XFWebSockets/_data/api_scopes.xml": "6793eaf758f140e8137187ba20e65f4faccf53410433ae3ad7a8b3b38cb6b3b7",
    "src/addons/BS/XFWebSockets/_data/bank_transaction_renderers.xml": "de553f8c9b920538a595da3d91e6bf254b07be843c6b08d1256085613dde77d5",
    "src/addons/BS/XFWebSockets/_data/bb_codes.xml": "faa4ddd5f4a365e5ac39aebdcbe2d25aedf74e7eb9ea4a812766e2fd5e13bdb1",
    "src/addons/BS/XFWebSockets/_data/bb_code_media_sites.xml": "29762987990187b33e43cfb68c08dc917b2d3f0176613d78f8e6c453f82da3f3",
    "src/addons/BS/XFWebSockets/_data/bs_rtc_commands.xml": "5d910cde360351e74ada899137306eeca05e71049c66dc1d4f24a6efc383fbce",
    "src/addons/BS/XFWebSockets/_data/class_extensions.xml": "1f548b8006e9952a3f5889f71e09fdfa6726ac1a47c1af7b2626d1a88920d5a4",
    "src/addons/BS/XFWebSockets/_data/code_events.xml": "52997be8cd9c8c733129c48ec54eb8222bedc48b335627d350f054c4e63ac7ad",
    "src/addons/BS/XFWebSockets/_data/code_event_listeners.xml": "ee0e3c6bb4d6ef14a85f33073ddbeb560c1cf67c0a64fb6e2b347e5a24e8090f",
    "src/addons/BS/XFWebSockets/_data/content_type_fields.xml": "c7ad5472b28f465b7ac7617627707eba1b7a39d28089460d52e1ed292fc0b06a",
    "src/addons/BS/XFWebSockets/_data/cron.xml": "323c4284742ef24329cd6db6f288eb9736d2353f36852e1db12591e1583aea26",
    "src/addons/BS/XFWebSockets/_data/help_pages.xml": "a8a0c0b06cdc550438bc8a8d385af3e1e5ab3459877dfb934c1c31be59c89163",
    "src/addons/BS/XFWebSockets/_data/member_stats.xml": "89fb2b93ff1eca7a1f6f752248edf6090dfd24037db1446fd18ff7143f08124d",
    "src/addons/BS/XFWebSockets/_data/navigation.xml": "f75e1c03a45a360bbdfcd0567121665082315068475d5b0feb8b1acbb1688651",
    "src/addons/BS/XFWebSockets/_data/options.xml": "9dafba689da43a9bd78a23e7a46acf1c1613acbf6fa37c474324b7de0c94b6d6",
    "src/addons/BS/XFWebSockets/_data/option_groups.xml": "a7ccce6b6bca768f20fa47a3a0ac8d3ea6abe3706d45e1214bcaa34da57f8293",
    "src/addons/BS/XFWebSockets/_data/permissions.xml": "7e4fc7d5826733d15ea2d8936b9bdd41afcaad810eb38e50da3c8d8eafda1550",
    "src/addons/BS/XFWebSockets/_data/permission_interface_groups.xml": "3177224e96458b829aa7fb24866dda9e0455a4922aee3d669b53f59a1ffdf5d1",
    "src/addons/BS/XFWebSockets/_data/phrases.xml": "e9ec5ffac6923164de8037f8370b4804f03232c25ddf8a980ab38adbc5714378",
    "src/addons/BS/XFWebSockets/_data/routes.xml": "0fb63e489aa9ff391b2c28d27b434dfcf53bc3c938466933f5bffaac8b8dc4db",
    "src/addons/BS/XFWebSockets/_data/style_properties.xml": "8b8690a8512f01f219dd2da76e3d0c5f62afc1f317b87794a7331c859c36a7a8",
    "src/addons/BS/XFWebSockets/_data/style_property_groups.xml": "68e1879cb3846c42d978487aa8d5145ff3335fc39e58016878824d5cf3fd684c",
    "src/addons/BS/XFWebSockets/_data/templates.xml": "95d4b078b90e74e773cef6695ef94c742e74b8d62e6798738f11f0215a58faee",
    "src/addons/BS/XFWebSockets/_data/template_modifications.xml": "f2b6080b301dddb20e9e77c72b95541cdab73502dc9f584ac4b384b57ac3f3a2",
    "src/addons/BS/XFWebSockets/_data/widget_definitions.xml": "37e46965256430f24004c2e7f08ba08f9b0d1cbcc4d70e84b3f4e3ffb713e64b",
    "src/addons/BS/XFWebSockets/_data/widget_positions.xml": "a29cee66134f6bc5d75ed9df1eef21096c24401915c5b5c774389c3d7bb2d5b3",
    "websockets": "a67ef4072693e4ca26a4b26a20c18eb4c9a77ea26323d1ba5149dd0958692414"
}