<?xml version="1.0" encoding="utf-8"?>
<template_modifications>
  <modification type="public" template="PAGE_CONTAINER" modification_key="xf_websockets_PAGE_CONTAINER_copyright" execution_order="10" enabled="1" action="str_replace">
    <find><![CDATA[{{ phrase('extra_copyright') }}]]></find>
    <replace><![CDATA[$0
<xf:if is="$xf.options.bsXFWebSocketsCopyright">
	<a href="https://devsell.io" class="u-concealed" dir="ltr" target="_blank" rel="sponsored noopener">
		Real-time communication with XenForo WebSockets<sup>®</sup>
	</a>
</xf:if>]]></replace>
  </modification>
  <modification type="public" template="helper_js_global" modification_key="xf_websockets_helper_js_global_core_js" description="Add websockets core js" execution_order="10" enabled="1" action="preg_replace">
    <find><![CDATA[/(<xf:macro name="body" arg-app="!" arg-jsState="{{ null }}">)(.*?)(<\/xf:macro>)/s]]></find>
    <replace><![CDATA[$1
$2
<script src="{{ js_url('bs/websockets/vendor/pusher.min.js') }}"></script>
<script src="{{ js_url('bs/websockets/vendor/echo.min.js') }}"></script>
<script src="{{ js_url($xf.fullJs ? 'bs/websockets/core.js' : 'bs/websockets/core.min.js') }}"></script>
$3]]></replace>
  </modification>
  <modification type="public" template="helper_js_global" modification_key="xf_websockets_helper_js_global_echo_config" description="Add Echo config" execution_order="10" enabled="1" action="str_replace">
    <find><![CDATA[// <!--[XF:js_global:xf_extend_start]-->]]></find>
    <replace><![CDATA[$0
echo: {
	host: "{{ ($xf.options.bsXFWebSocketsPusherHost ?: $xf.options.boardUrl)|url_host }}",
	cluster: "{$xf.options.bsXFWebSocketsPusherCluster}",
	key: "{$xf.options.bsXFWebSocketsPusherKey}",
	port: {$xf.options.bsXFWebSocketsPusherPort},
	authEndpoint: "{{ link('broadcasting/auth') }}",
	userAuthEndpoint: "{{ link('broadcasting/user-auth') }}",
	pageUid: "{{ unique_id() }}"
},]]></replace>
  </modification>
</template_modifications>
